company,cik,ticker,fiscal_year,concept,value,source_tag,end_date,filed,accn,sec_fy
FIRST CITIZENS BANCSHARES INC /DE/,0000798941,FCNCA,2024,Assets,223720000000,Assets,2024-12-31,2026-02-24,0000798941-26-000015,2025
FIRST CITIZENS BANCSHARES INC /DE/,0000798941,FCNCA,2025,Assets,229698000000,Assets,2025-12-31,2026-02-24,0000798941-26-000015,2025
FIRST CITIZENS BANCSHARES INC /DE/,0000798941,FCNCA,2024,Liabilities,201492000000,Liabilities,2024-12-31,2026-02-24,0000798941-26-000015,2025
FIRST CITIZENS BANCSHARES INC /DE/,0000798941,FCNCA,2025,Liabilities,207460000000,Liabilities,2025-12-31,2026-02-24,0000798941-26-000015,2025
FIRST CITIZENS BANCSHARES INC /DE/,0000798941,FCNCA,2024,Equity,22228000000,StockholdersEquity,2024-12-31,2026-02-24,0000798941-26-000015,2025
FIRST CITIZENS BANCSHARES INC /DE/,0000798941,FCNCA,2025,Equity,22238000000,StockholdersEquity,2025-12-31,2026-02-24,0000798941-26-000015,2025
FIRST CITIZENS BANCSHARES INC /DE/,0000798941,FCNCA,2024,NetIncome,2777000000,NetIncomeLoss,2024-12-31,2026-02-24,0000798941-26-000015,2025
FIRST CITIZENS BANCSHARES INC /DE/,0000798941,FCNCA,2025,NetIncome,2206000000,NetIncomeLoss,2025-12-31,2026-02-24,0000798941-26-000015,2025
M&T BANK CORPORATION,0000036270,MTB,2024,Assets,208105000000,Assets,2024-12-31,2026-02-18,0000036270-26-000010,2025
M&T BANK CORPORATION,0000036270,MTB,2025,Assets,213510000000,Assets,2025-12-31,2026-02-18,0000036270-26-000010,2025
M&T BANK CORPORATION,0000036270,MTB,2024,Liabilities,179078000000,Liabilities,2024-12-31,2026-02-18,0000036270-26-000010,2025
M&T BANK CORPORATION,0000036270,MTB,2025,Liabilities,184333000000,Liabilities,2025-12-31,2026-02-18,0000036270-26-000010,2025
M&T BANK CORPORATION,0000036270,MTB,2024,Equity,29027000000,StockholdersEquity,2024-12-31,2026-02-18,0000036270-26-000010,2025
M&T BANK CORPORATION,0000036270,MTB,2025,Equity,29177000000,StockholdersEquity,2025-12-31,2026-02-18,0000036270-26-000010,2025
M&T BANK CORPORATION,0000036270,MTB,2024,NetIncome,2588000000,NetIncomeLoss,2024-12-31,2026-02-18,0000036270-26-000010,2025
M&T BANK CORPORATION,0000036270,MTB,2025,NetIncome,2851000000,NetIncomeLoss,2025-12-31,2026-02-18,0000036270-26-000010,2025
Fifth Third Bancorp,0000035527,FITB,2024,Assets,212927000000,Assets,2024-12-31,2026-02-24,0000035527-26-000124,2025
Fifth Third Bancorp,0000035527,FITB,2025,Assets,214376000000,Assets,2025-12-31,2026-02-24,0000035527-26-000124,2025
Fifth Third Bancorp,0000035527,FITB,2024,Liabilities,193282000000,Liabilities,2024-12-31,2026-02-24,0000035527-26-000124,2025
Fifth Third Bancorp,0000035527,FITB,2025,Liabilities,192652000000,Liabilities,2025-12-31,2026-02-24,0000035527-26-000124,2025
Fifth Third Bancorp,0000035527,FITB,2024,Equity,19645000000,StockholdersEquity,2024-12-31,2026-02-24,0000035527-26-000124,2025
Fifth Third Bancorp,0000035527,FITB,2025,Equity,21724000000,StockholdersEquity,2025-12-31,2026-02-24,0000035527-26-000124,2025
Fifth Third Bancorp,0000035527,FITB,2024,NetIncome,2314000000,NetIncomeLoss,2024-12-31,2026-02-24,0000035527-26-000124,2025
Fifth Third Bancorp,0000035527,FITB,2025,NetIncome,2522000000,NetIncomeLoss,2025-12-31,2026-02-24,0000035527-26-000124,2025
Huntington Bancshares Incorporated,0000049196,HBAN,2024,Assets,204230000000,Assets,2024-12-31,2026-02-13,0000049196-26-000015,2025
Huntington Bancshares Incorporated,0000049196,HBAN,2025,Assets,225106000000,Assets,2025-12-31,2026-02-13,0000049196-26-000015,2025
Huntington Bancshares Incorporated,0000049196,HBAN,2024,Liabilities,184448000000,Liabilities,2024-12-31,2026-02-13,0000049196-26-000015,2025
Huntington Bancshares Incorporated,0000049196,HBAN,2025,Liabilities,200727000000,Liabilities,2025-12-31,2026-02-13,0000049196-26-000015,2025
Huntington Bancshares Incorporated,0000049196,HBAN,2024,Equity,19782000000,StockholdersEquityIncludingPortionAttributableToNoncontrollingInterest,2024-12-31,2026-02-13,0000049196-26-000015,2025
Huntington Bancshares Incorporated,0000049196,HBAN,2025,Equity,24379000000,StockholdersEquityIncludingPortionAttributableToNoncontrollingInterest,2025-12-31,2026-02-13,0000049196-26-000015,2025
Huntington Bancshares Incorporated,0000049196,HBAN,2024,NetIncome,1940000000,NetIncomeLoss,2024-12-31,2026-02-13,0000049196-26-000015,2025
Huntington Bancshares Incorporated,0000049196,HBAN,2025,NetIncome,2211000000,NetIncomeLoss,2025-12-31,2026-02-13,0000049196-26-000015,2025
Regions Financial Corporation,0001281761,RF,2024,Assets,157302000000,Assets,2024-12-31,2026-02-24,0001281761-26-000019,2025
Regions Financial Corporation,0001281761,RF,2025,Assets,158814000000,Assets,2025-12-31,2026-02-24,0001281761-26-000019,2025
Regions Financial Corporation,0001281761,RF,2024,Liabilities,139392000000,Liabilities,2024-12-31,2026-02-24,0001281761-26-000019,2025
Regions Financial Corporation,0001281761,RF,2025,Liabilities,139711000000,Liabilities,2025-12-31,2026-02-24,0001281761-26-000019,2025
Regions Financial Corporation,0001281761,RF,2024,Equity,17910000000,StockholdersEquityIncludingPortionAttributableToNoncontrollingInterest,2024-12-31,2026-02-24,0001281761-26-000019,2025
Regions Financial Corporation,0001281761,RF,2025,Equity,19103000000,StockholdersEquityIncludingPortionAttributableToNoncontrollingInterest,2025-12-31,2026-02-24,0001281761-26-000019,2025
Regions Financial Corporation,0001281761,RF,2024,NetIncome,1893000000,NetIncomeLoss,2024-12-31,2026-02-24,0001281761-26-000019,2025
Regions Financial Corporation,0001281761,RF,2025,NetIncome,2156000000,NetIncomeLoss,2025-12-31,2026-02-24,0001281761-26-000019,2025
KEYCORP /NEW/,0000091576,KEY,2024,Assets,187168000000,Assets,2024-12-31,2026-02-23,0001628280-26-010546,2025
KEYCORP /NEW/,0000091576,KEY,2025,Assets,184381000000,Assets,2025-12-31,2026-02-23,0001628280-26-010546,2025
KEYCORP /NEW/,0000091576,KEY,2024,Liabilities,168992000000,Liabilities,2024-12-31,2026-02-23,0001628280-26-010546,2025
KEYCORP /NEW/,0000091576,KEY,2025,Liabilities,164000000000,Liabilities,2025-12-31,2026-02-23,0001628280-26-010546,2025
KEYCORP /NEW/,0000091576,KEY,2024,Equity,18176000000,StockholdersEquity,2024-12-31,2026-02-23,0001628280-26-010546,2025
KEYCORP /NEW/,0000091576,KEY,2025,Equity,20381000000,StockholdersEquity,2025-12-31,2026-02-23,0001628280-26-010546,2025
KEYCORP /NEW/,0000091576,KEY,2024,NetIncome,-161000000,NetIncomeLoss,2024-12-31,2026-02-23,0001628280-26-010546,2025
KEYCORP /NEW/,0000091576,KEY,2025,NetIncome,1829000000,NetIncomeLoss,2025-12-31,2026-02-23,0001628280-26-010546,2025
CITIZENS FINANCIAL GROUP INC/RI,0000759944,CFG,2024,Assets,217521000000,Assets,2024-12-31,2026-02-12,0000759944-26-000028,2025
CITIZENS FINANCIAL GROUP INC/RI,0000759944,CFG,2025,Assets,226351000000,Assets,2025-12-31,2026-02-12,0000759944-26-000028,2025
CITIZENS FINANCIAL GROUP INC/RI,0000759944,CFG,2024,Liabilities,193267000000,Liabilities,2024-12-31,2026-02-12,0000759944-26-000028,2025
CITIZENS FINANCIAL GROUP INC/RI,0000759944,CFG,2025,Liabilities,200034000000,Liabilities,2025-12-31,2026-02-12,0000759944-26-000028,2025
CITIZENS FINANCIAL GROUP INC/RI,0000759944,CFG,2024,Equity,24254000000,StockholdersEquity,2024-12-31,2026-02-12,0000759944-26-000028,2025
CITIZENS FINANCIAL GROUP INC/RI,0000759944,CFG,2025,Equity,26317000000,StockholdersEquity,2025-12-31,2026-02-12,0000759944-26-000028,2025
CITIZENS FINANCIAL GROUP INC/RI,0000759944,CFG,2024,NetIncome,1509000000,NetIncomeLoss,2024-12-31,2026-02-12,0000759944-26-000028,2025
CITIZENS FINANCIAL GROUP INC/RI,0000759944,CFG,2025,NetIncome,1831000000,NetIncomeLoss,2025-12-31,2026-02-12,0000759944-26-000028,2025
"ZIONS BANCORPORATION, NATIONAL ASSOCIATION",0000109380,ZION,2024,Assets,88775000000,Assets,2024-12-31,2026-02-24,0000109380-26-000046,2025
"ZIONS BANCORPORATION, NATIONAL ASSOCIATION",0000109380,ZION,2025,Assets,88990000000,Assets,2025-12-31,2026-02-24,0000109380-26-000046,2025
"ZIONS BANCORPORATION, NATIONAL ASSOCIATION",0000109380,ZION,2024,Liabilities,82651000000,Liabilities,2024-12-31,2026-02-24,0000109380-26-000046,2025
"ZIONS BANCORPORATION, NATIONAL ASSOCIATION",0000109380,ZION,2025,Liabilities,81810000000,Liabilities,2025-12-31,2026-02-24,0000109380-26-000046,2025
"ZIONS BANCORPORATION, NATIONAL ASSOCIATION",0000109380,ZION,2024,Equity,6124000000,StockholdersEquity,2024-12-31,2026-02-24,0000109380-26-000046,2025
"ZIONS BANCORPORATION, NATIONAL ASSOCIATION",0000109380,ZION,2025,Equity,7180000000,StockholdersEquity,2025-12-31,2026-02-24,0000109380-26-000046,2025
"ZIONS BANCORPORATION, NATIONAL ASSOCIATION",0000109380,ZION,2024,NetIncome,784000000,NetIncomeLoss,2024-12-31,2026-02-24,0000109380-26-000046,2025
"ZIONS BANCORPORATION, NATIONAL ASSOCIATION",0000109380,ZION,2025,NetIncome,899000000,NetIncomeLoss,2025-12-31,2026-02-24,0000109380-26-000046,2025
WESTERN ALLIANCE BANCORPORATION,0001212545,WAL,2024,Assets,80934000000,Assets,2024-12-31,2026-02-23,0001628280-26-010336,2025
WESTERN ALLIANCE BANCORPORATION,0001212545,WAL,2025,Assets,92774000000,Assets,2025-12-31,2026-02-23,0001628280-26-010336,2025
WESTERN ALLIANCE BANCORPORATION,0001212545,WAL,2024,Liabilities,74227000000,Liabilities,2024-12-31,2026-02-23,0001628280-26-010336,2025
WESTERN ALLIANCE BANCORPORATION,0001212545,WAL,2025,Liabilities,84828000000,Liabilities,2025-12-31,2026-02-23,0001628280-26-010336,2025
WESTERN ALLIANCE BANCORPORATION,0001212545,WAL,2024,Equity,6707500000,StockholdersEquityIncludingPortionAttributableToNoncontrollingInterest,2024-12-31,2026-02-23,0001628280-26-010336,2025
WESTERN ALLIANCE BANCORPORATION,0001212545,WAL,2025,Equity,7945900000,StockholdersEquityIncludingPortionAttributableToNoncontrollingInterest,2025-12-31,2026-02-23,0001628280-26-010336,2025
WESTERN ALLIANCE BANCORPORATION,0001212545,WAL,2024,NetIncome,787700000,NetIncomeLoss,2024-12-31,2026-02-23,0001628280-26-010336,2025
WESTERN ALLIANCE BANCORPORATION,0001212545,WAL,2025,NetIncome,969000000,NetIncomeLoss,2025-12-31,2026-02-23,0001628280-26-010336,2025
EAST WEST BANCORP INC,0001069157,EWBC,2024,Assets,75976475000,Assets,2024-12-31,2026-02-27,0001069157-26-000009,2025
EAST WEST BANCORP INC,0001069157,EWBC,2025,Assets,80434997000,Assets,2025-12-31,2026-02-27,0001069157-26-000009,2025
EAST WEST BANCORP INC,0001069157,EWBC,2024,Liabilities,68253421000,Liabilities,2024-12-31,2026-02-27,0001069157-26-000009,2025
EAST WEST BANCORP INC,0001069157,EWBC,2025,Liabilities,71535795000,Liabilities,2025-12-31,2026-02-27,0001069157-26-000009,2025
EAST WEST BANCORP INC,0001069157,EWBC,2024,Equity,7723054000,StockholdersEquity,2024-12-31,2026-02-27,0001069157-26-000009,2025
EAST WEST BANCORP INC,0001069157,EWBC,2025,Equity,8899202000,StockholdersEquity,2025-12-31,2026-02-27,0001069157-26-000009,2025
EAST WEST BANCORP INC,0001069157,EWBC,2024,NetIncome,1165586000,NetIncomeLoss,2024-12-31,2026-02-27,0001069157-26-000009,2025
EAST WEST BANCORP INC,0001069157,EWBC,2025,NetIncome,1325188000,NetIncomeLoss,2025-12-31,2026-02-27,0001069157-26-000009,2025
WEBSTER FINANCIAL CORPORATION,0000801337,WBS,2024,Assets,79025073000,Assets,2024-12-31,2026-02-27,0000801337-26-000008,2025
WEBSTER FINANCIAL CORPORATION,0000801337,WBS,2025,Assets,84073663000,Assets,2025-12-31,2026-02-27,0000801337-26-000008,2025
WEBSTER FINANCIAL CORPORATION,0000801337,WBS,2024,Liabilities,69891859000,Liabilities,2024-12-31,2026-02-27,0000801337-26-000008,2025
WEBSTER FINANCIAL CORPORATION,0000801337,WBS,2025,Liabilities,74581427000,Liabilities,2025-12-31,2026-02-27,0000801337-26-000008,2025
WEBSTER FINANCIAL CORPORATION,0000801337,WBS,2024,Equity,9133214000,StockholdersEquityIncludingPortionAttributableToNoncontrollingInterest,2024-12-31,2026-02-27,0000801337-26-000008,2025
WEBSTER FINANCIAL CORPORATION,0000801337,WBS,2025,Equity,9492236000,StockholdersEquityIncludingPortionAttributableToNoncontrollingInterest,2025-12-31,2026-02-27,0000801337-26-000008,2025
WEBSTER FINANCIAL CORPORATION,0000801337,WBS,2024,NetIncome,768707000,NetIncomeLoss,2024-12-31,2026-02-27,0000801337-26-000008,2025
WEBSTER FINANCIAL CORPORATION,0000801337,WBS,2025,NetIncome,1002802000,NetIncomeLoss,2025-12-31,2026-02-27,0000801337-26-000008,2025
